{
  "features": {
    "f_00": {
      "type": "numeric",
      "min": 8.458359999999999,
      "max": 24.37160000000002,
      "default": 13.37
    },
    "f_01": {
      "type": "numeric",
      "min": 10.9304,
      "max": 30.652000000000005,
      "default": 18.84
    },
    "f_02": {
      "type": "numeric",
      "min": 53.827600000000004,
      "max": 165.72400000000002,
      "default": 86.24
    },
    "f_03": {
      "type": "numeric",
      "min": 215.664,
      "max": 1786.600000000004,
      "default": 551.1
    },
    "f_04": {
      "type": "numeric",
      "min": 0.06865399999999999,
      "max": 0.13288800000000003,
      "default": 0.09587
    },
    "f_05": {
      "type": "numeric",
      "min": 0.0333508,
      "max": 0.27719200000000005,
      "default": 0.09263
    },
    "f_06": {
      "type": "numeric",
      "min": 0.0,
      "max": 0.35168800000000006,
      "default": 0.06154
    },
    "f_07": {
      "type": "numeric",
      "min": 0.0,
      "max": 0.16420800000000035,
      "default": 0.0335
    },
    "f_08": {
      "type": "numeric",
      "min": 0.129508,
      "max": 0.259564,
      "default": 0.1792
    },
    "f_09": {
      "type": "numeric",
      "min": 0.051504,
      "max": 0.08543760000000016,
      "default": 0.06154
    },
    "f_10": {
      "type": "numeric",
      "min": 0.11974000000000001,
      "max": 1.29132,
      "default": 0.3242
    },
    "f_11": {
      "type": "numeric",
      "min": 0.41054799999999997,
      "max": 2.915440000000001,
      "default": 1.108
    },
    "f_12": {
      "type": "numeric",
      "min": 0.953248,
      "max": 9.690040000000009,
      "default": 2.287
    },
    "f_13": {
      "type": "numeric",
      "min": 8.51444,
      "max": 177.68400000000017,
      "default": 24.53
    },
    "f_14": {
      "type": "numeric",
      "min": 0.0030583599999999996,
      "max": 0.017258000000000006,
      "default": 0.00638
    },
    "f_15": {
      "type": "numeric",
      "min": 0.00470524,
      "max": 0.08987200000000028,
      "default": 0.02045
    },
    "f_16": {
      "type": "numeric",
      "min": 0.0,
      "max": 0.1222920000000004,
      "default": 0.02589
    },
    "f_17": {
      "type": "numeric",
      "min": 0.0,
      "max": 0.031193600000000148,
      "default": 0.01093
    },
    "f_18": {
      "type": "numeric",
      "min": 0.0105468,
      "max": 0.05220800000000008,
      "default": 0.01873
    },
    "f_19": {
      "type": "numeric",
      "min": 0.00111352,
      "max": 0.012649600000000014,
      "default": 0.003187
    },
    "f_20": {
      "type": "numeric",
      "min": 9.207600000000001,
      "max": 30.762800000000002,
      "default": 14.97
    },
    "f_21": {
      "type": "numeric",
      "min": 15.200800000000001,
      "max": 41.802400000000006,
      "default": 25.41
    },
    "f_22": {
      "type": "numeric",
      "min": 58.2704,
      "max": 208.30400000000023,
      "default": 97.66
    },
    "f_23": {
      "type": "numeric",
      "min": 256.192,
      "max": 2918.1600000000017,
      "default": 686.5
    },
    "f_24": {
      "type": "numeric",
      "min": 0.08791,
      "max": 0.1889080000000001,
      "default": 0.1313
    },
    "f_25": {
      "type": "numeric",
      "min": 0.0500944,
      "max": 0.7786440000000009,
      "default": 0.2119
    },
    "f_26": {
      "type": "numeric",
      "min": 0.0,
      "max": 0.9023800000000001,
      "default": 0.2267
    },
    "f_27": {
      "type": "numeric",
      "min": 0.0,
      "max": 0.26921600000000007,
      "default": 0.09993
    },
    "f_28": {
      "type": "numeric",
      "min": 0.176028,
      "max": 0.4869080000000001,
      "default": 0.2822
    },
    "f_29": {
      "type": "numeric",
      "min": 0.0585796,
      "max": 0.14062800000000003,
      "default": 0.08004
    }
  }
}